{
	"currentScore": 686,
	"scoreDate": "01/14/2017",
	"optedIn": true,
	"congratulationMessage": " Your FICO < span > < sup > & reg; < /sup></span > Credit Score has been unavailable for 90 days or more. ",
	"scoreTooOld": false,
	"ficoScoreList": [{
		"finAgreementTypeCode": null,
		"creditReportSeqNumber": null,
		"tradeCount": null,
		"openRvlTradeCount": null,
		"openInstTradeCount": null,
		"oldestTradeMonthCount": null,
		"inquiryCount": null,
		"openRvlUtilizationPct": null,
		"totalRvlBalAmt": null,
		"tradeOver30Count": null,
		"totalMissedPymt": null,
		"displayFicoReason5Iindicator": null,
		"currentScore": 0,
		"scoreDate": "04/01/2017",
		"negativeKeyFactors": null,
		"positiveKeyFactors": null,
		"tips": null,
		"hasScore": false,
		"displayKeyString": "Apr '17",
		"informationMessage": null,
		"totalAccountRatingCode":"2",
		"totalAccountRatingEffDate":"2017-05-12 ",
		"totalAccountRating":"Fair",
		"totalAccountRateMessage":"Your total accounts indicate a fair credit mix",
		"lengthOfCreditRatingCode":"2",
		"lengthOfCreditRatingEffDate":"2017-05-12 ",
		"lengthOfCreditRating":"Fair",
		"lengthOfCreditRateMessage":"Your length of credit is considered fair",
		"inquiriesRatingCode":"4",
		"inquiriesRatingEffDate":"2017-05-12 ",
		"inquiriesRating":"Very Good",
		"inquiriesRateMessage":"Your inquiries indicate your new credit is very good",
		"revolvingUtilizationRatingCode":"2",
		"revolvingUtilizationRatingEffDate":"2017-05-12 ",
		"revolvingUtilizationRating":"Fair",
		"revolvingUtilizationRateMessage":"Your revolving utilization indicates your amounts owed is fair"
	}, {
		"finAgreementTypeCode": null,
		"creditReportSeqNumber": null,
		"tradeCount": null,
		"openRvlTradeCount": null,
		"openInstTradeCount": null,
		"oldestTradeMonthCount": null,
		"inquiryCount": null,
		"openRvlUtilizationPct": null,
		"totalRvlBalAmt": null,
		"tradeOver30Count": null,
		"totalMissedPymt": null,
		"displayFicoReason5Iindicator": null,
		"currentScore": 0,
		"scoreDate": "03/01/2017",
		"negativeKeyFactors": null,
		"positiveKeyFactors": null,
		"tips": null,
		"hasScore": false,
		"displayKeyString": "Mar '17",
		"informationMessage": null
	}, {
		"finAgreementTypeCode": null,
		"creditReportSeqNumber": null,
		"tradeCount": null,
		"openRvlTradeCount": null,
		"openInstTradeCount": null,
		"oldestTradeMonthCount": null,
		"inquiryCount": null,
		"openRvlUtilizationPct": null,
		"totalRvlBalAmt": null,
		"tradeOver30Count": null,
		"totalMissedPymt": null,
		"displayFicoReason5Iindicator": null,
		"currentScore": 0,
		"scoreDate": "02/01/2017",
		"negativeKeyFactors": null,
		"positiveKeyFactors": null,
		"tips": null,
		"hasScore": false,
		"displayKeyString": "Feb '17",
		"informationMessage": null
	}, {
		"finAgreementTypeCode": "DCRD",
		"creditReportSeqNumber": "1",
		"tradeCount": "14",
		"openRvlTradeCount": "1",
		"openInstTradeCount": "3",
		"oldestTradeMonthCount": "2",
		"inquiryCount": "0",
		"openRvlUtilizationPct": "98",
		"totalRvlBalAmt": "15984.0",
		"tradeOver30Count": "0",
		"totalMissedPymt": "0",
		"displayFicoReason5Iindicator": "N",
		"currentScore": 700,
		"scoreDate": "01/14/2017",
		"negativeKeyFactors": [{
			"shortDesc": "OF BALANCES TO CREDIT LIMITS IS TOO HIGH ON REVOLVING ACCOUNTS",
			"longDesc": "Balances on your revolving account(s) are evaluated in relation to your available credit. Credit usage is one of the most important factors to your FICO<span><sup>&reg;</sup></span> Credit Score.  People with high balances as a proportion to credit limits generally pose a greater risk to lenders."
		}, {
			"shortDesc": "TOO MANY ACCOUNTS WITH BALANCES Adding more text for testing",
			"longDesc": "Too many accounts (credit cards and loans) with balances suggest greater risk to lenders.  Even if credit card balances are paid off every month,  your credit report can reflect the total balance on your last statement."
		}],
		"positiveKeyFactors": [{
			"shortDesc": "OF BALANCES TO CREDIT LIMITS IS TOO HIGH ON REVOLVING ACCOUNTS Adding more text for testing",
			"longDesc": "Balances on your revolving account(s) are evaluated in relation to your available credit. Credit usage is one of the most important factors to your FICO<span><sup>&reg;</sup></span> Credit Score.  People with high balances as a proportion to credit limits generally pose a greater risk to lenders."
		}, {
			"shortDesc": "TOO MANY ACCOUNTS WITH BALANCES",
			"longDesc": "Too many accounts (credit cards and loans) with balances suggest greater risk to lenders.  Even if credit card balances are paid off every month,  your credit report can reflect the total balance on your last statement."
		}],
		"tips": [{
			"message": "Paying down balances on revolving accounts, such as credit cards, will increase available credit and lower the proportion of credit being used."
		}, {
			"message": "Accounts with high balances generally suggest risk to lenders. Consider the number of accounts that carry a high balance."
		}],
		"hasScore": true,
		"displayKeyString": "Jan '17",
		"informationMessage": null,
		"totalAccountRatingCode":"2",
		"totalAccountRatingEffDate":"2017-05-12 ",
		"totalAccountRating":"Fair",
		"totalAccountRateMessage":"Your total accounts indicate a fair credit mix",
		"lengthOfCreditRatingCode":"2",
		"lengthOfCreditRatingEffDate":"2017-05-12 ",
		"lengthOfCreditRating":"Fair",
		"lengthOfCreditRateMessage":"Your length of credit is considered fair",
		"inquiriesRatingCode":"4",
		"inquiriesRatingEffDate":"2017-05-12 ",
		"inquiriesRating":"Very Good",
		"inquiriesRateMessage":"Your inquiries indicate your new credit is very good",
		"revolvingUtilizationRatingCode":"2",
		"revolvingUtilizationRatingEffDate":"2017-05-12 ",
		"revolvingUtilizationRating":"Fair",
		"revolvingUtilizationRateMessage":"Your revolving utilization indicates your amounts owed is fair"
	},{
		"finAgreementTypeCode": "DCRD",
		"creditReportSeqNumber": "1",
		"tradeCount": "14",
		"openRvlTradeCount": "1",
		"openInstTradeCount": "3",
		"oldestTradeMonthCount": "210",
		"inquiryCount": "0",
		"openRvlUtilizationPct": "98",
		"totalRvlBalAmt": "15984.0",
		"tradeOver30Count": "0",
		"totalMissedPymt": "0",
		"displayFicoReason5Iindicator": "N",
		"currentScore": 686,
		"scoreDate": "12/18/2016",
		"negativeKeyFactors": [{
			"shortDesc": "% OF BALANCES TO CREDIT LIMITS IS TOO HIGH ON REVOLVING ACCOUNTS",
			"longDesc": "Balances on your revolving account(s) are evaluated in relation to your available credit. Credit usage is one of the most important factors to your FICO<span><sup>&reg;</sup></span> Credit Score.  People with high balances as a proportion to credit limits generally pose a greater risk to lenders."
		}, {
			"shortDesc": "TOO MANY ACCOUNTS WITH BALANCES",
			"longDesc": "Too many accounts (credit cards and loans) with balances suggest greater risk to lenders.  Even if credit card balances are paid off every month,  your credit report can reflect the total balance on your last statement."
		}],
		"positiveKeyFactors": null,
		"tips": [{
			"message": "Paying down balances on revolving accounts, such as credit cards, will increase available credit and lower the proportion of credit being used."
		},
			{
				"message": "Accounts with high balances generally suggest risk to lenders.Consider the number of accounts that carry a high balance."
			}
		],
		"hasScore": true,
		"displayKeyString": "Dec '16",
		"informationMessage": null
	},{
		"finAgreementTypeCode": "DCRD",
		"creditReportSeqNumber": "1",
		"tradeCount": "14",
		"openRvlTradeCount": "1",
		"openInstTradeCount": "3",
		"oldestTradeMonthCount": "210",
		"inquiryCount": "0",
		"openRvlUtilizationPct": "98",
		"totalRvlBalAmt": "15984.0",
		"tradeOver30Count": "0",
		"totalMissedPymt": "0",
		"displayFicoReason5Iindicator": "N",
		"currentScore": 780,
		"scoreDate": "11/18/2016",
		"negativeKeyFactors": [{
			"shortDesc": "% OF BALANCES TO CREDIT LIMITS IS TOO HIGH ON REVOLVING ACCOUNTS",
			"longDesc": "Balances on your revolving account(s) are evaluated in relation to your available credit. Credit usage is one of the most important factors to your FICO<span><sup>&reg;</sup></span> Credit Score.  People with high balances as a proportion to credit limits generally pose a greater risk to lenders."
		}, {
			"shortDesc": "TOO MANY ACCOUNTS WITH BALANCES",
			"longDesc": "Too many accounts (credit cards and loans) with balances suggest greater risk to lenders.  Even if credit card balances are paid off every month,  your credit report can reflect the total balance on your last statement."
		}],
		"positiveKeyFactors": null,
		"tips": [{
			"message": "Paying down balances on revolving accounts, such as credit cards, will increase available credit and lower the proportion of credit being used."
		}, {
			"message": "Accounts with high balances generally suggest risk to lenders. Consider the number of accounts that carry a high balance."
		}],
		"hasScore": true,
		"displayKeyString": "Nov 16 ",
		"informationMessage ": null
	},{
		"finAgreementTypeCode": "DCRD ",
		"creditReportSeqNumber": "1 ",
		"tradeCount": "14 ",
		"openRvlTradeCount": "1 ",
		"openInstTradeCount": "3 ",
		"oldestTradeMonthCount": "210 ",
		"inquiryCount": "0 ",
		"openRvlUtilizationPct": "98 ",
		"totalRvlBalAmt": "15984.0 ",
		"tradeOver30Count": "0 ",
		"totalMissedPymt": "0 ",
		"displayFicoReason5Iindicator": "N ",
		"currentScore": 800,
		"scoreDate": "10/18/2016 ",
		"negativeKeyFactors": [{
			"shortDesc": " % OF BALANCES TO CREDIT LIMITS IS TOO HIGH ON REVOLVING ACCOUNTS ",
			"longDesc": "Balances on your revolving account(s) are evaluated in relation to your available credit.Credit usage is one of the most important factors to your FICO < span > < sup > & reg; < /sup></span > Credit Score.People with high balances as a proportion to credit limits generally pose a greater risk to lenders."
		},
			{
				"shortDesc": "TOO MANY ACCOUNTS WITH BALANCES ",
				"longDesc": "Too many accounts(credit cards and loans) with balances suggest greater risk to lenders.Even if credit card balances are paid off every month, your credit report can reflect the total balance on your last statement."
			}
		],
		"positiveKeyFactors": null,
		"tips": [{
			"message": "Paying down balances on revolving accounts, such as credit cards,will increase available credit and lower the proportion of credit being used."
		},
			{
				"message": "Accounts with high balances generally suggest risk to lenders.Consider the number of accounts that carry a high balance."
			}
		],
		"hasScore": true,
		"displayKeyString": "Oct '16",
		"informationMessage": null
	},{
		"finAgreementTypeCode": "DCRD",
		"creditReportSeqNumber": "1",
		"tradeCount": "14",
		"openRvlTradeCount": "1",
		"openInstTradeCount": "3",
		"oldestTradeMonthCount": "210",
		"inquiryCount": "0",
		"openRvlUtilizationPct": "98",
		"totalRvlBalAmt": "15984.0",
		"tradeOver30Count": "0",
		"totalMissedPymt": "0",
		"displayFicoReason5Iindicator": "N",
		"currentScore": 665,
		"scoreDate": "09/18/2016",
		"negativeKeyFactors": [{
			"shortDesc": "% OF BALANCES TO CREDIT LIMITS IS TOO HIGH ON REVOLVING ACCOUNTS",
			"longDesc": "Balances on your revolving account(s) are evaluated in relation to your available credit. Credit usage is one of the most important factors to your FICO<span><sup>&reg;</sup></span> Credit Score.  People with high balances as a proportion to credit limits generally pose a greater risk to lenders."
		},
			{
				"shortDesc": "TOO MANY ACCOUNTS WITH BALANCES ",
				"longDesc": "Too many accounts(credit cards and loans) with balances suggest greater risk to lenders.Even if credit card balances are paid off every month, your credit report can reflect the total balance on your last statement."
			}
		],
		"positiveKeyFactors": null,
		"tips": [{
			"message": "Paying down balances on revolving accounts, such as credit cards,will increase available credit and lower the proportion of credit being used."
		},
			{
				"message": "Accounts with high balances generally suggest risk to lenders.Consider the number of accounts that carry a high balance."
			}
		],
		"hasScore": true,
		"displayKeyString": "Sep '16 ",
		"informationMessage": null
	},{
		"finAgreementTypeCode": "DCRD",
		"creditReportSeqNumber": "1",
		"tradeCount": "14",
		"openRvlTradeCount": "1",
		"openInstTradeCount": "3",
		"oldestTradeMonthCount": "210",
		"inquiryCount": "0",
		"openRvlUtilizationPct": "98",
		"totalRvlBalAmt": "15984.0",
		"tradeOver30Count": "0",
		"totalMissedPymt": "0",
		"displayFicoReason5Iindicator": "N",
		"currentScore": 500,
		"scoreDate": "08/18/2016",
		"negativeKeyFactors": [{
			"shortDesc": "% OF BALANCES TO CREDIT LIMITS IS TOO HIGH ON REVOLVING ACCOUNTS",
			"longDesc": "Balances on your revolving account(s) are evaluated in relation to your available credit. Credit usage is one of the most important factors to your FICO<span><sup>&reg;</sup></span> Credit Score.  People with high balances as a proportion to credit limits generally pose a greater risk to lenders."
		},
			{
				"shortDesc": "TOO MANY ACCOUNTS WITH BALANCES ",
				"longDesc": "Too many accounts(credit cards and loans) with balances suggest greater risk to lenders.Even if credit card balances are paid off every month, your credit report can reflect the total balance on your last statement."
			}
		],
		"positiveKeyFactors": null,
		"tips": [{
			"message": "Paying down balances on revolving accounts, such as credit cards,will increase available credit and lower the proportion of credit being used."
		},
			{
				"message": "Accounts with high balances generally suggest risk to lenders.Consider the number of accounts that carry a high balance."
			}
		],
		"hasScore": true,
		"displayKeyString": "Aug '16 ",
		"informationMessage": null
	},{
		"finAgreementTypeCode": "DCRD",
		"creditReportSeqNumber": "1",
		"tradeCount": "14",
		"openRvlTradeCount": "1",
		"openInstTradeCount": "3",
		"oldestTradeMonthCount": "210",
		"inquiryCount": "0",
		"openRvlUtilizationPct": "98",
		"totalRvlBalAmt": "15984.0",
		"tradeOver30Count": "0",
		"totalMissedPymt": "0",
		"displayFicoReason5Iindicator": "N",
		"currentScore": 665,
		"scoreDate": "07/18/2016",
		"negativeKeyFactors": [{
			"shortDesc": "% OF BALANCES TO CREDIT LIMITS IS TOO HIGH ON REVOLVING ACCOUNTS",
			"longDesc": "Balances on your revolving account(s) are evaluated in relation to your available credit. Credit usage is one of the most important factors to your FICO<span><sup>&reg;</sup></span> Credit Score.  People with high balances as a proportion to credit limits generally pose a greater risk to lenders."
		},
			{
				"shortDesc": "TOO MANY ACCOUNTS WITH BALANCES ",
				"longDesc": "Too many accounts(credit cards and loans) with balances suggest greater risk to lenders.Even if credit card balances are paid off every month, your credit report can reflect the total balance on your last statement."
			}
		],
		"positiveKeyFactors": null,
		"tips": [{
			"message": "Paying down balances on revolving accounts, such as credit cards,will increase available credit and lower the proportion of credit being used."
		},
			{
				"message": "Accounts with high balances generally suggest risk to lenders.Consider the number of accounts that carry a high balance."
			}
		],
		"hasScore": true,
		"displayKeyString": "Jul '16 ",
		"informationMessage": null
	},{
		"finAgreementTypeCode": "DCRD",
		"creditReportSeqNumber": "1",
		"tradeCount": "14",
		"openRvlTradeCount": "1",
		"openInstTradeCount": "3",
		"oldestTradeMonthCount": "210",
		"inquiryCount": "0",
		"openRvlUtilizationPct": "98",
		"totalRvlBalAmt": "15984.0",
		"tradeOver30Count": "0",
		"totalMissedPymt": "0",
		"displayFicoReason5Iindicator": "N",
		"currentScore": 665,
		"scoreDate": "06/18/2016",
		"negativeKeyFactors": [{
			"shortDesc": "% OF BALANCES TO CREDIT LIMITS IS TOO HIGH ON REVOLVING ACCOUNTS",
			"longDesc": "Balances on your revolving account(s) are evaluated in relation to your available credit. Credit usage is one of the most important factors to your FICO<span><sup>&reg;</sup></span> Credit Score.  People with high balances as a proportion to credit limits generally pose a greater risk to lenders."
		},
			{
				"shortDesc": "TOO MANY ACCOUNTS WITH BALANCES ",
				"longDesc": "Too many accounts(credit cards and loans) with balances suggest greater risk to lenders.Even if credit card balances are paid off every month, your credit report can reflect the total balance on your last statement."
			}
		],
		"positiveKeyFactors": null,
		"tips": [{
			"message": "Paying down balances on revolving accounts, such as credit cards,will increase available credit and lower the proportion of credit being used."
		},
			{
				"message": "Accounts with high balances generally suggest risk to lenders.Consider the number of accounts that carry a high balance."
			}
		],
		"hasScore": true,
		"displayKeyString": "Jun '16 ",
		"informationMessage": null
	},{
		"finAgreementTypeCode": "DCRD",
		"creditReportSeqNumber": "1",
		"tradeCount": "14",
		"openRvlTradeCount": "1",
		"openInstTradeCount": "3",
		"oldestTradeMonthCount": "210",
		"inquiryCount": "0",
		"openRvlUtilizationPct": "98",
		"totalRvlBalAmt": "15984.0",
		"tradeOver30Count": "0",
		"totalMissedPymt": "0",
		"displayFicoReason5Iindicator": "N",
		"currentScore": 565,
		"scoreDate": "05/18/2016",
		"negativeKeyFactors": [{
			"shortDesc": "% OF BALANCES TO CREDIT LIMITS IS TOO HIGH ON REVOLVING ACCOUNTS",
			"longDesc": "Balances on your revolving account(s) are evaluated in relation to your available credit. Credit usage is one of the most important factors to your FICO<span><sup>&reg;</sup></span> Credit Score.  People with high balances as a proportion to credit limits generally pose a greater risk to lenders."
		},
			{
				"shortDesc": "TOO MANY ACCOUNTS WITH BALANCES ",
				"longDesc": "Too many accounts(credit cards and loans) with balances suggest greater risk to lenders.Even if credit card balances are paid off every month, your credit report can reflect the total balance on your last statement."
			}
		],
		"positiveKeyFactors": null,
		"tips": [{
			"message": "Paying down balances on revolving accounts, such as credit cards,will increase available credit and lower the proportion of credit being used."
		},
			{
				"message": "Accounts with high balances generally suggest risk to lenders.Consider the number of accounts that carry a high balance."
			}
		],
		"hasScore": true,
		"displayKeyString": "May '16 ",
		"informationMessage": null
	}
	]
}